total_hospitalized,hospitalized_today,isolation,observation,district,deceased,recovered,total_cases,date,active,cases_delta
16,6,76,92,Thiruvananthapuram,0,0,0,2020-3-10,0,0
13,1,114,127,Thiruvananthapuram,0,0,0,2020-3-11,0,0
5,2,137,142,Thiruvananthapuram,0,0,0,2020-3-12,0,0
18,13,208,226,Thiruvananthapuram,0,0,3,2020-3-13,3,3
29,15,284,313,Thiruvananthapuram,0,0,3,2020-3-14,3,0
43,16,1406,1449,Thiruvananthapuram,0,0,4,2020-3-15,4,1
47,11,614,661,Thiruvananthapuram,0,0,4,2020-3-16,4,0
66,11,729,795,Thiruvananthapuram,0,0,4,2020-3-17,4,0
64,3,2350,2414,Thiruvananthapuram,0,0,4,2020-3-18,4,0
65,6,2553,2618,Thiruvananthapuram,0,0,4,2020-3-19,4,0
2,0,30,32,Thiruvananthapuram,0,0,0,2020-3-1,0,0
77,20,17981,18058,Thiruvananthapuram,1,3,12,2020-4-1,8,2
47,7,3663,3710,Thiruvananthapuram,0,0,4,2020-3-20,4,0
43,3,4136,4179,Thiruvananthapuram,0,0,4,2020-3-21,4,0
53,10,4873,4926,Thiruvananthapuram,0,0,4,2020-3-22,4,0
51,22,5426,5477,Thiruvananthapuram,0,0,4,2020-3-23,4,0
90,43,5829,5919,Thiruvananthapuram,0,0,5,2020-3-24,5,1
4,1,27,31,Thiruvananthapuram,0,0,0,2020-2-25,0,0
94,16,6315,6409,Thiruvananthapuram,0,1,5,2020-3-25,4,0
2,4,28,30,Thiruvananthapuram,0,0,0,2020-2-26,0,0
114,34,7854,7968,Thiruvananthapuram,0,1,5,2020-3-26,4,
2,4,24,26,Thiruvananthapuram,0,0,0,2020-2-27,0,0
101,13,10923,11024,Thiruvananthapuram,0,1,5,2020-3-27,4,0
0,0,26,26,Thiruvananthapuram,0,0,0,2020-2-28,0,0
101,13,10923,11024,Thiruvananthapuram,0,2,7,2020-3-28,5,2
1,1,25,26,Thiruvananthapuram,0,0,0,2020-2-29,0,0
93,18,18052,18145,Thiruvananthapuram,0,2,8,2020-3-29,6,1
3,8,25,28,Thiruvananthapuram,0,0,0,2020-3-2,0,0
84,27,17921,18005,Thiruvananthapuram,1,4,13,2020-4-2,8,1
86,16,18036,18122,Thiruvananthapuram,0,2,8,2020-3-30,6,0
77,13,18315,18392,Thiruvananthapuram,1,2,10,2020-3-31,7,2
2,6,28,30,Thiruvananthapuram,0,0,0,2020-3-3,0,0
2,3,27,29,Thiruvananthapuram,0,0,0,2020-3-4,0,0
4,2,24,28,Thiruvananthapuram,0,0,0,2020-3-5,0,0
3,0,25,28,Thiruvananthapuram,0,0,0,2020-3-6,0,0
3,1,25,28,Thiruvananthapuram,0,0,0,2020-3-7,0,0
4,2,29,33,Thiruvananthapuram,0,0,0,2020-3-8,0,0
11,7,22,33,Thiruvananthapuram,0,0,0,2020-3-9,0,0
10,4,75,85,Kollam,0,0,0,2020-3-10,0,0
10,6,167,177,Kollam,0,0,0,2020-3-11,0,0
11,2,216,227,Kollam,0,0,0,2020-3-12,0,0
12,3,312,324,Kollam,0,0,0,2020-3-13,0,0
18,7,290,308,Kollam,0,0,0,2020-3-14,0,0
13,0,355,368,Kollam,0,0,0,2020-3-15,0,0
13,2,401,414,Kollam,0,0,0,2020-3-16,0,0
12,1,655,667,Kollam,0,0,0,2020-3-17,0,0
7,4,751,758,Kollam,0,0,0,2020-3-18,0,0
7,1,666,673,Kollam,0,0,0,2020-3-19,0,0
1,0,5,6,Kollam,0,0,0,2020-3-1,0,0
17,2,16661,16678,Kollam,0,0,3,2020-4-1,3,0
7,2,652,659,Kollam,0,0,0,2020-3-20,0,0
4,0,896,900,Kollam,0,0,0,2020-3-21,0,0
3,0,1011,1014,Kollam,0,0,0,2020-3-22,0,0
3,0,1070,1073,Kollam,0,0,0,2020-3-23,0,0
6,5,1131,1137,Kollam,0,0,0,2020-3-24,0,0
0,0,4,4,Kollam,0,0,0,2020-2-25,0,0
6,0,1186,1192,Kollam,0,0,0,2020-3-25,0,0
0,0,4,4,Kollam,0,0,0,2020-2-26,0,0
8,3,16456,16464,Kollam,0,0,0,2020-3-26,0,
1,0,4,5,Kollam,0,0,0,2020-2-27,0,0
13,7,17008,17021,Kollam,0,0,1,2020-3-27,1,1
2,0,5,7,Kollam,0,0,0,2020-2-28,0,0
13,7,17008,17021,Kollam,0,0,2,2020-3-28,2,1
2,2,4,6,Kollam,0,0,0,2020-2-29,0,0
23,4,17017,17040,Kollam,0,0,2,2020-3-29,2,0
1,0,8,9,Kollam,0,0,0,2020-3-2,0,0
14,4,16157,16171,Kollam,0,0,5,2020-4-2,5,2
17,4,17032,17049,Kollam,0,0,2,2020-3-30,2,0
19,2,17228,17247,Kollam,0,0,3,2020-3-31,3,1
2,0,22,24,Kollam,0,0,0,2020-3-3,0,0
2,0,25,27,Kollam,0,0,0,2020-3-4,0,0
2,1,26,28,Kollam,0,0,0,2020-3-5,0,0
3,0,25,28,Kollam,0,0,0,2020-3-6,0,0
3,0,27,30,Kollam,0,0,0,2020-3-7,0,0
3,0,37,40,Kollam,0,0,0,2020-3-8,0,0
9,6,66,75,Kollam,0,0,0,2020-3-9,0,0
15,5,45,60,Pathanamthitta,0,0,9,2020-3-10,9,4
32,17,860,892,Pathanamthitta,0,0,9,2020-3-11,9,0
34,2,862,896,Pathanamthitta,0,0,9,2020-3-12,9,0
29,5,903,932,Pathanamthitta,0,0,9,2020-3-13,9,0
28,4,941,969,Pathanamthitta,0,0,9,2020-3-14,9,0
29,4,1609,1638,Pathanamthitta,0,0,9,2020-3-15,9,0
21,3,1735,1756,Pathanamthitta,0,0,9,2020-3-16,9,0
22,4,2478,2500,Pathanamthitta,0,0,9,2020-3-17,9,0
16,2,2884,2900,Pathanamthitta,0,0,9,2020-3-18,9,0
15,6,3715,3730,Pathanamthitta,0,0,9,2020-3-19,9,0
0,2,1,1,Pathanamthitta,0,0,0,2020-3-1,0,0
17,6,7558,7575,Pathanamthitta,0,7,12,2020-4-1,5,0
15,2,4555,4570,Pathanamthitta,0,0,9,2020-3-20,9,0
15,4,5242,5257,Pathanamthitta,0,0,9,2020-3-21,9,0
14,2,4753,4767,Pathanamthitta,0,0,9,2020-3-22,9,0
15,3,4565,4580,Pathanamthitta,0,0,10,2020-3-23,10,1
20,7,4504,4524,Pathanamthitta,0,0,10,2020-3-24,10,0
1,0,2,3,Pathanamthitta,0,0,0,2020-2-25,0,0
21,1,4440,4461,Pathanamthitta,0,0,12,2020-3-25,12,2
0,0,3,3,Pathanamthitta,0,0,0,2020-2-26,0,0
17,4,6400,6417,Pathanamthitta,0,0,12,2020-3-26,12,
0,1,2,2,Pathanamthitta,0,0,0,2020-2-27,0,0
24,8,6951,6975,Pathanamthitta,0,1,12,2020-3-27,11,0
0,0,2,2,Pathanamthitta,0,0,0,2020-2-28,0,0
24,8,6951,6975,Pathanamthitta,0,1,12,2020-3-28,11,
0,0,3,3,Pathanamthitta,0,0,0,2020-2-29,0,0
21,4,7704,7725,Pathanamthitta,0,5,12,2020-3-29,7,0
1,0,2,3,Pathanamthitta,0,0,0,2020-3-2,0,0
25,9,8631,8656,Pathanamthitta,0,7,13,2020-4-2,6,1
19,3,7467,7486,Pathanamthitta,0,5,12,2020-3-30,7,0
13,2,7241,7254,Pathanamthitta,0,7,12,2020-3-31,5,0
3,0,3,6,Pathanamthitta,0,0,0,2020-3-3,0,0
3,0,6,9,Pathanamthitta,0,0,0,2020-3-4,0,0
3,4,6,9,Pathanamthitta,0,0,0,2020-3-5,0,0
6,0,11,17,Pathanamthitta,0,0,0,2020-3-6,0,0
5,0,21,26,Pathanamthitta,0,0,0,2020-3-7,0,0
10,0,26,36,Pathanamthitta,0,0,5,2020-3-8,5,5
12,2,41,53,Pathanamthitta,0,0,5,2020-3-9,5,0
1,0,45,46,Idukki,0,0,0,2020-3-10,0,0
0,0,53,53,Idukki,0,0,0,2020-3-11,0,0
0,0,61,61,Idukki,0,0,0,2020-3-12,0,0
0,0,52,52,Idukki,0,0,0,2020-3-13,0,0
0,0,58,58,Idukki,0,0,0,2020-3-14,0,0
0,0,75,75,Idukki,0,0,1,2020-3-15,1,1
0,0,92,92,Idukki,0,0,1,2020-3-16,1,0
0,0,374,374,Idukki,0,0,1,2020-3-17,1,0
0,0,442,442,Idukki,0,0,1,2020-3-18,1,0
1,1,479,480,Idukki,0,0,1,2020-3-19,1,0
0,0,3,3,Idukki,0,0,0,2020-3-1,0,0
6,1,2815,2821,Idukki,0,1,5,2020-4-1,4,0
1,0,503,504,Idukki,0,0,1,2020-3-20,1,0
0,0,537,537,Idukki,0,0,1,2020-3-21,1,0
3,3,597,600,Idukki,0,0,1,2020-3-22,1,0
3,0,640,643,Idukki,0,0,1,2020-3-23,1,0
5,2,1118,1123,Idukki,0,0,1,2020-3-24,1,0
0,0,1,1,Idukki,0,0,0,2020-2-25,0,0
3,1,1221,1224,Idukki,0,0,2,2020-3-25,2,1
0,0,1,1,Idukki,0,0,0,2020-2-26,0,0
3,1,1304,1307,Idukki,0,0,3,2020-3-26,3,1
0,1,0,0,Idukki,0,0,0,2020-2-27,0,0
5,2,1533,1538,Idukki,0,0,3,2020-3-27,3,0
0,0,0,0,Idukki,0,0,0,2020-2-28,0,0
5,2,1533,1538,Idukki,0,1,3,2020-3-28,2,
0,0,3,3,Idukki,0,0,0,2020-2-29,0,0
6,3,2259,2265,Idukki,0,1,3,2020-3-29,2,0
0,3,5,5,Idukki,0,0,0,2020-3-2,0,0
7,1,2829,2836,Idukki,0,1,10,2020-4-2,9,5
6,2,2655,2661,Idukki,0,1,5,2020-3-30,4,2
5,1,2732,2737,Idukki,0,1,5,2020-3-31,4,0
0,0,8,8,Idukki,0,0,0,2020-3-3,0,0
0,0,9,9,Idukki,0,0,0,2020-3-4,0,0
0,0,9,9,Idukki,0,0,0,2020-3-5,0,0
0,0,10,10,Idukki,0,0,0,2020-3-6,0,0
0,0,11,11,Idukki,0,0,0,2020-3-7,0,0
0,0,12,12,Idukki,0,0,0,2020-3-8,0,0
1,1,37,38,Idukki,0,0,0,2020-3-9,0,0
10,6,82,92,Kottayam,0,0,2,2020-3-10,2,2
12,2,231,243,Kottayam,0,0,2,2020-3-11,2,0
11,0,398,409,Kottayam,0,0,2,2020-3-12,2,0
11,2,725,736,Kottayam,0,0,2,2020-3-13,2,0
11,1,791,802,Kottayam,0,0,2,2020-3-14,2,0
10,1,863,873,Kottayam,0,0,2,2020-3-15,2,0
9,2,1025,1034,Kottayam,0,0,2,2020-3-16,2,0
8,1,1238,1246,Kottayam,0,0,2,2020-3-17,2,0
7,0,1304,1311,Kottayam,0,0,2,2020-3-18,2,0
6,0,1590,1596,Kottayam,0,0,2,2020-3-19,2,0
0,0,28,28,Kottayam,0,0,0,2020-3-1,0,0
4,1,3278,3282,Kottayam,0,2,3,2020-4-1,1,0
5,0,1862,1867,Kottayam,0,0,2,2020-3-20,2,0
5,0,2129,2134,Kottayam,0,0,2,2020-3-21,2,0
6,1,2406,2412,Kottayam,0,0,2,2020-3-22,2,0
7,1,2492,2499,Kottayam,0,0,2,2020-3-23,2,0
6,0,2405,2411,Kottayam,0,0,3,2020-3-24,3,1
0,0,10,10,Kottayam,0,0,0,2020-2-25,0,0
7,1,2681,2688,Kottayam,0,0,3,2020-3-25,3,0
0,0,12,12,Kottayam,0,0,0,2020-2-26,0,0
7,0,2896,2903,Kottayam,0,0,3,2020-3-26,3,
0,1,13,13,Kottayam,0,0,0,2020-2-27,0,0
7,0,3200,3207,Kottayam,0,0,3,2020-3-27,3,0
0,0,16,16,Kottayam,0,0,0,2020-2-28,0,0
7,0,3200,3207,Kottayam,0,2,3,2020-3-28,1,
0,0,26,26,Kottayam,0,0,0,2020-2-29,0,0
3,0,3351,3354,Kottayam,0,2,3,2020-3-29,1,0
0,2,35,35,Kottayam,0,0,0,2020-3-2,0,0
3,0,3301,3304,Kottayam,0,2,3,2020-4-2,1,0
4,1,3356,3360,Kottayam,0,2,3,2020-3-30,1,0
4,0,3254,3258,Kottayam,0,2,3,2020-3-31,1,0
0,0,41,41,Kottayam,0,0,0,2020-3-3,0,0
0,5,42,42,Kottayam,0,0,0,2020-3-4,0,0
0,0,59,59,Kottayam,0,0,0,2020-3-5,0,0
0,1,64,64,Kottayam,0,0,0,2020-3-6,0,0
0,0,71,71,Kottayam,0,0,0,2020-3-7,0,0
0,0,77,77,Kottayam,0,0,0,2020-3-8,0,0
4,4,79,83,Kottayam,0,0,0,2020-3-9,0,0
20,14,78,98,Alappuzha,0,1,1,2020-3-10,0,0
17,1,111,128,Alappuzha,0,1,1,2020-3-11,0,0
21,5,140,161,Alappuzha,0,1,1,2020-3-12,0,0
13,7,252,265,Alappuzha,0,1,1,2020-3-13,0,0
10,1,513,523,Alappuzha,0,1,1,2020-3-14,0,0
10,0,523,533,Alappuzha,0,1,1,2020-3-15,0,0
11,7,784,795,Alappuzha,0,1,1,2020-3-16,0,0
10,3,1097,1107,Alappuzha,0,1,1,2020-3-17,0,0
8,4,1893,1901,Alappuzha,0,1,1,2020-3-18,0,0
10,7,2439,2449,Alappuzha,0,1,1,2020-3-19,0,0
0,2,6,6,Alappuzha,0,1,1,2020-3-1,0,0
6,3,8043,8049,Alappuzha,0,1,2,2020-4-1,1,0
8,2,3755,3763,Alappuzha,0,1,1,2020-3-20,0,0
6,1,4470,4476,Alappuzha,0,1,1,2020-3-21,0,0
11,5,4417,4428,Alappuzha,0,1,1,2020-3-22,0,0
14,3,4826,4840,Alappuzha,0,1,1,2020-3-23,0,0
19,8,5490,5509,Alappuzha,0,1,2,2020-3-24,1,1
0,4,17,17,Alappuzha,0,1,1,2020-2-25,0,0
18,4,5574,5592,Alappuzha,0,1,2,2020-3-25,1,0
0,1,17,17,Alappuzha,0,1,1,2020-2-26,0,0
22,7,5769,5791,Alappuzha,0,1,2,2020-3-26,1,
1,0,19,20,Alappuzha,0,1,1,2020-2-27,0,0
20,4,5600,5620,Alappuzha,0,1,2,2020-3-27,1,0
0,12,7,8,Alappuzha,0,1,1,2020-2-28,0,0
20,4,5600,5620,Alappuzha,0,1,2,2020-3-28,1,
0,0,8,8,Alappuzha,0,1,1,2020-2-29,0,0
21,7,6246,6267,Alappuzha,0,1,2,2020-3-29,1,0
0,1,9,9,Alappuzha,0,1,1,2020-3-2,0,0
10,4,7098,7108,Alappuzha,0,1,2,2020-4-2,1,0
15,1,6612,6627,Alappuzha,0,1,2,2020-3-30,1,0
11,1,6945,6956,Alappuzha,0,1,2,2020-3-31,1,0
0,0,16,16,Alappuzha,0,1,1,2020-3-3,0,0
0,0,19,19,Alappuzha,0,1,1,2020-3-4,0,0
0,1,25,25,Alappuzha,0,1,1,2020-3-5,0,0
1,0,27,28,Alappuzha,0,1,1,2020-3-6,0,0
3,0,30,33,Alappuzha,0,1,1,2020-3-7,0,0
3,0,36,39,Alappuzha,0,1,1,2020-3-8,0,0
6,3,65,71,Alappuzha,0,1,1,2020-3-9,0,0
23,6,225,248,Ernakulam,0,0,3,2020-3-10,3,2
24,8,280,304,Ernakulam,0,0,3,2020-3-11,3,0
37,16,322,359,Ernakulam,0,0,3,2020-3-12,3,0
30,1,407,437,Ernakulam,0,0,3,2020-3-13,3,0
26,3,500,526,Ernakulam,0,0,3,2020-3-14,3,0
32,10,581,613,Ernakulam,0,0,3,2020-3-15,3,0
30,6,650,680,Ernakulam,0,0,3,2020-3-16,3,0
21,1,917,938,Ernakulam,0,0,3,2020-3-17,3,0
23,4,989,1012,Ernakulam,0,0,3,2020-3-18,3,0
23,6,1085,1108,Ernakulam,0,0,3,2020-3-19,3,0
2,0,48,50,Ernakulam,0,0,0,2020-3-1,0,0
37,7,4590,4627,Ernakulam,1,5,24,2020-4-1,18,3
28,7,4196,4224,Ernakulam,0,0,9,2020-3-20,9,6
23,1,3451,3474,Ernakulam,0,0,12,2020-3-21,12,3
23,4,3961,3984,Ernakulam,0,0,14,2020-3-22,14,2
29,8,4201,4230,Ernakulam,0,0,16,2020-3-23,16,2
33,4,4347,4380,Ernakulam,0,0,17,2020-3-24,17,1
0,0,10,10,Ernakulam,0,0,0,2020-2-25,0,0
34,3,3274,3308,Ernakulam,0,0,20,2020-3-25,20,3
0,0,13,13,Ernakulam,0,0,0,2020-2-26,0,0
32,5,3463,3495,Ernakulam,0,5,20,2020-3-26,15,
1,0,20,21,Ernakulam,0,0,0,2020-2-27,0,0
35,10,3884,3919,Ernakulam,0,5,20,2020-3-27,15,0
1,8,28,30,Ernakulam,0,0,0,2020-2-28,0,0
35,10,3884,3919,Ernakulam,1,5,20,2020-3-28,14,
1,0,40,41,Ernakulam,0,0,0,2020-2-29,0,0
29,6,5701,5730,Ernakulam,1,5,21,2020-3-29,15,1
2,0,78,80,Ernakulam,0,0,0,2020-3-2,0,0
35,1,3843,3878,Ernakulam,1,5,24,2020-4-2,18,0
25,7,5502,5527,Ernakulam,1,5,21,2020-3-30,15,0
31,8,5281,5312,Ernakulam,1,5,21,2020-3-31,15,0
2,0,103,105,Ernakulam,0,0,0,2020-3-3,0,0
2,0,124,126,Ernakulam,0,0,0,2020-3-4,0,0
2,0,127,129,Ernakulam,0,0,0,2020-3-5,0,0
2,13,129,131,Ernakulam,0,0,0,2020-3-6,0,0
4,0,134,138,Ernakulam,0,0,0,2020-3-7,0,0
6,0,141,147,Ernakulam,0,0,0,2020-3-8,0,0
6,0,171,177,Ernakulam,0,0,1,2020-3-9,1,1
68,35,209,277,Thrissur,0,1,1,2020-3-10,0,0
78,12,535,613,Thrissur,0,1,1,2020-3-11,0,0
73,8,770,843,Thrissur,0,1,2,2020-3-12,1,1
72,5,1078,1150,Thrissur,0,1,2,2020-3-13,1,0
60,12,1331,1391,Thrissur,0,1,2,2020-3-14,1,0
48,8,1526,1574,Thrissur,0,1,2,2020-3-15,1,0
45,9,1996,2041,Thrissur,0,1,2,2020-3-16,1,0
38,7,2258,2296,Thrissur,0,1,2,2020-3-17,1,0
33,8,2684,2717,Thrissur,0,1,2,2020-3-18,1,0
30,4,2978,3008,Thrissur,0,1,2,2020-3-19,1,0
5,1,39,44,Thrissur,0,1,1,2020-3-1,0,0
38,9,18825,18863,Thrissur,0,2,10,2020-4-1,8,2
29,9,3357,3386,Thrissur,0,1,2,2020-3-20,1,0
24,4,6514,6538,Thrissur,0,1,2,2020-3-21,1,0
40,19,8498,8538,Thrissur,0,1,2,2020-3-22,1,0
44,8,9292,9336,Thrissur,0,1,3,2020-3-23,2,1
29,8,10879,10908,Thrissur,0,1,3,2020-3-24,2,0
2,5,25,27,Thrissur,0,1,1,2020-2-25,0,0
37,11,12044,12081,Thrissur,0,2,3,2020-3-25,1,0
0,2,27,27,Thrissur,0,1,1,2020-2-26,0,0
50,18,13233,13283,Thrissur,0,2,5,2020-3-26,3,2
1,7,21,22,Thrissur,0,1,1,2020-2-27,0,0
47,6,13408,13455,Thrissur,0,2,6,2020-3-27,4,1
2,6,20,23,Thrissur,0,1,1,2020-2-28,0,0
47,6,13408,13455,Thrissur,0,2,6,2020-3-28,4,
3,0,35,38,Thrissur,0,1,1,2020-2-29,0,0
39,10,14896,14935,Thrissur,0,2,7,2020-3-29,5,1
6,4,46,52,Thrissur,0,1,1,2020-3-2,0,0
37,8,19062,19099,Thrissur,0,2,11,2020-4-2,9,1
42,9,17785,17827,Thrissur,0,2,7,2020-3-30,5,0
47,8,20541,20588,Thrissur,0,2,8,2020-3-31,6,1
6,2,52,58,Thrissur,0,1,1,2020-3-3,0,0
9,0,54,63,Thrissur,0,1,1,2020-3-4,0,0
12,1,71,83,Thrissur,0,1,1,2020-3-5,0,0
12,0,83,95,Thrissur,0,1,1,2020-3-6,0,0
15,0,86,101,Thrissur,0,1,1,2020-3-7,0,0
20,0,97,117,Thrissur,0,1,1,2020-3-8,0,0
39,22,172,211,Thrissur,0,1,1,2020-3-9,0,0
25,11,48,73,Palakkad,0,0,0,2020-3-10,0,0
25,4,77,102,Palakkad,0,0,0,2020-3-11,0,0
30,8,89,119,Palakkad,0,0,0,2020-3-12,0,0
22,7,124,146,Palakkad,0,0,0,2020-3-13,0,0
22,5,132,154,Palakkad,0,0,0,2020-3-14,0,0
28,9,151,179,Palakkad,0,0,0,2020-3-15,0,0
22,4,169,191,Palakkad,0,0,0,2020-3-16,0,0
27,9,205,232,Palakkad,0,0,0,2020-3-17,0,0
29,9,280,309,Palakkad,0,0,0,2020-3-18,0,0
26,4,466,492,Palakkad,0,0,0,2020-3-19,0,0
0,0,2,2,Palakkad,0,0,0,2020-3-1,0,0
52,10,19986,20038,Palakkad,0,0,6,2020-4-1,6,1
26,0,3838,3864,Palakkad,0,0,0,2020-3-20,0,0
21,7,4089,4110,Palakkad,0,0,0,2020-3-21,0,0
25,9,5084,5109,Palakkad,0,0,0,2020-3-22,0,0
27,8,5135,5162,Palakkad,0,0,0,2020-3-23,0,0
36,11,5478,5514,Palakkad,0,0,1,2020-3-24,1,1
0,4,6,6,Palakkad,0,0,0,2020-2-25,0,0
36,8,5384,5420,Palakkad,0,0,3,2020-3-25,3,2
0,0,7,7,Palakkad,0,0,0,2020-2-26,0,0
42,13,5873,5915,Palakkad,0,0,3,2020-3-26,3,
0,1,8,8,Palakkad,0,0,0,2020-2-27,0,0
42,16,5324,5366,Palakkad,0,0,3,2020-3-27,3,0
3,3,7,7,Palakkad,0,0,0,2020-2-28,0,0
42,16,5324,5366,Palakkad,0,0,4,2020-3-28,4,1
0,5,2,2,Palakkad,0,0,0,2020-2-29,0,0
32,5,18805,18837,Palakkad,0,0,5,2020-3-29,5,1
1,0,8,9,Palakkad,0,0,0,2020-3-2,0,0
52,8,19669,19721,Palakkad,0,0,6,2020-4-2,6,0
44,16,20099,20143,Palakkad,0,0,5,2020-3-30,5,0
48,10,20171,20219,Palakkad,0,0,5,2020-3-31,5,0
1,2,7,8,Palakkad,0,0,0,2020-3-3,0,0
0,2,11,11,Palakkad,0,0,0,2020-3-4,0,0
2,1,14,16,Palakkad,0,0,0,2020-3-5,0,0
3,0,14,17,Palakkad,0,0,0,2020-3-6,0,0
4,1,14,18,Palakkad,0,0,0,2020-3-7,0,0
5,9,12,17,Palakkad,0,0,0,2020-3-8,0,0
14,12,22,36,Palakkad,0,0,0,2020-3-9,0,0
45,21,30,75,Malappuram,0,0,0,2020-3-10,0,0
61,21,32,93,Malappuram,0,0,0,2020-3-11,0,0
29,13,103,132,Malappuram,0,0,0,2020-3-12,0,0
30,1,135,165,Malappuram,0,0,0,2020-3-13,0,0
31,22,164,195,Malappuram,0,0,0,2020-3-14,0,0
17,7,225,242,Malappuram,0,0,0,2020-3-15,0,0
21,7,955,976,Malappuram,0,0,2,2020-3-16,2,2
18,7,2154,2172,Malappuram,0,0,2,2020-3-17,2,0
13,6,3821,3834,Malappuram,0,0,2,2020-3-18,2,0
11,6,4701,4712,Malappuram,0,0,2,2020-3-19,2,0
1,4,1,2,Malappuram,0,0,0,2020-3-1,0,0
59,20,12721,12780,Malappuram,0,0,12,2020-4-1,12,2
7,3,6232,6239,Malappuram,0,0,2,2020-3-20,2,0
10,6,7008,7018,Malappuram,0,0,2,2020-3-21,2,0
11,7,7383,7394,Malappuram,0,0,4,2020-3-22,4,2
15,11,9279,9294,Malappuram,0,0,4,2020-3-23,4,0
29,18,9869,9898,Malappuram,0,0,5,2020-3-24,5,1
0,0,5,5,Malappuram,0,0,0,2020-2-25,0,0
55,44,10460,10515,Malappuram,0,0,5,2020-3-25,5,0
0,0,6,5,Malappuram,0,0,0,2020-2-26,0,0
75,20,11160,11235,Malappuram,0,0,8,2020-3-26,8,3
0,0,5,5,Malappuram,0,0,0,2020-2-27,0,0
90,24,11256,11346,Malappuram,0,0,8,2020-3-27,8,0
0,0,5,5,Malappuram,0,0,0,2020-2-28,0,0
90,24,11256,11346,Malappuram,0,0,9,2020-3-28,9,1
1,0,5,6,Malappuram,0,0,0,2020-2-29,0,0
82,25,11543,11625,Malappuram,0,0,10,2020-3-29,10,1
0,2,6,6,Malappuram,0,0,0,2020-3-2,0,0
63,25,13873,13936,Malappuram,0,1,13,2020-4-2,12,1
105,26,11994,12099,Malappuram,0,0,10,2020-3-30,10,0
102,24,12540,12642,Malappuram,0,0,10,2020-3-31,10,0
2,0,32,34,Malappuram,0,0,0,2020-3-3,0,0
6,0,38,44,Malappuram,0,0,0,2020-3-4,0,0
6,0,44,50,Malappuram,0,0,0,2020-3-5,0,0
5,0,50,55,Malappuram,0,0,0,2020-3-6,0,0
11,15,30,41,Malappuram,0,0,0,2020-3-7,0,0
15,3,33,48,Malappuram,0,0,0,2020-3-8,0,0
24,20,52,76,Malappuram,0,0,0,2020-3-9,0,0
15,10,118,133,Kozhikode,0,0,0,2020-3-10,0,0
10,5,291,301,Kozhikode,0,0,0,2020-3-11,0,0
7,3,476,483,Kozhikode,0,0,0,2020-3-12,0,0
7,4,585,592,Kozhikode,0,0,0,2020-3-13,0,0
18,16,1819,1837,Kozhikode,0,0,0,2020-3-14,0,0
7,4,2676,2683,Kozhikode,0,0,0,2020-3-15,0,0
8,8,3207,3215,Kozhikode,0,0,0,2020-3-16,0,0
14,10,4130,4144,Kozhikode,0,0,0,2020-3-17,0,0
8,4,4945,4953,Kozhikode,0,0,0,2020-3-18,0,0
10,8,5652,5662,Kozhikode,0,0,0,2020-3-19,0,0
1,0,7,8,Kozhikode,0,0,0,2020-3-1,0,0
23,9,21462,21485,Kozhikode,0,1,6,2020-4-1,5,0
14,9,5784,5798,Kozhikode,0,0,0,2020-3-20,0,0
23,18,7626,7649,Kozhikode,0,0,0,2020-3-21,0,0
34,20,8116,8150,Kozhikode,0,0,2,2020-3-22,2,2
38,12,8370,8408,Kozhikode,0,0,2,2020-3-23,2,0
35,19,9674,9709,Kozhikode,0,0,4,2020-3-24,4,2
0,0,4,4,Kozhikode,0,0,0,2020-2-25,0,0
43,10,9937,9980,Kozhikode,0,0,5,2020-3-25,5,1
0,0,4,4,Kozhikode,0,0,0,2020-2-26,0,0
47,6,10277,10324,Kozhikode,0,0,5,2020-3-26,5,
1,0,4,5,Kozhikode,0,0,0,2020-2-27,0,0
37,4,10437,10474,Kozhikode,0,0,6,2020-3-27,6,1
0,0,6,6,Kozhikode,0,0,0,2020-2-28,0,0
37,4,10437,10474,Kozhikode,0,0,6,2020-3-28,6,
1,0,7,8,Kozhikode,0,0,0,2020-2-29,0,0
21,2,10741,10762,Kozhikode,0,0,6,2020-3-29,6,0
2,0,7,9,Kozhikode,0,0,0,2020-3-2,0,0
28,9,21906,21934,Kozhikode,0,1,7,2020-4-2,6,1
22,3,20113,20135,Kozhikode,0,0,6,2020-3-30,6,0
17,5,21222,21239,Kozhikode,0,0,6,2020-3-31,6,0
4,2,9,13,Kozhikode,0,0,0,2020-3-3,0,0
5,1,16,21,Kozhikode,0,0,0,2020-3-4,0,0
5,0,19,24,Kozhikode,0,0,0,2020-3-5,0,0
6,0,18,24,Kozhikode,0,0,0,2020-3-6,0,0
5,1,28,33,Kozhikode,0,0,0,2020-3-7,0,0
5,0,41,46,Kozhikode,0,0,0,2020-3-8,0,0
6,2,66,72,Kozhikode,0,0,0,2020-3-9,0,0
1,0,22,23,Wayanad,0,0,0,2020-3-10,0,0
1,0,27,28,Wayanad,0,0,0,2020-3-11,0,0
0,0,38,38,Wayanad,0,0,0,2020-3-12,0,0
0,0,57,57,Wayanad,0,0,0,2020-3-13,0,0
0,0,105,105,Wayanad,0,0,0,2020-3-14,0,0
2,2,144,146,Wayanad,0,0,0,2020-3-15,0,0
2,0,215,217,Wayanad,0,0,0,2020-3-16,0,0
0,0,377,377,Wayanad,0,0,0,2020-3-17,0,0
0,0,433,433,Wayanad,0,0,0,2020-3-18,0,0
0,0,545,545,Wayanad,0,0,0,2020-3-19,0,0
0,0,0,0,Wayanad,0,0,0,2020-3-1,0,0
11,0,10020,10031,Wayanad,0,0,3,2020-4-1,3,0
0,0,736,736,Wayanad,0,0,0,2020-3-20,0,0
1,1,888,889,Wayanad,0,0,0,2020-3-21,0,0
1,0,1113,1114,Wayanad,0,0,0,2020-3-22,0,0
4,3,1436,1440,Wayanad,0,0,0,2020-3-23,0,0
3,0,1496,1499,Wayanad,0,0,0,2020-3-24,0,0
0,0,0,0,Wayanad,0,0,0,2020-2-25,0,0
3,0,1908,1911,Wayanad,0,0,0,2020-3-25,0,0
0,0,0,0,Wayanad,0,0,0,2020-2-26,0,0
4,4,2909,2913,Wayanad,0,0,1,2020-3-26,1,1
0,0,0,0,Wayanad,0,0,0,2020-2-27,0,0
5,1,4264,4269,Wayanad,0,0,1,2020-3-27,1,0
0,0,0,0,Wayanad,0,0,0,2020-2-28,0,0
5,1,4264,4269,Wayanad,0,0,1,2020-3-28,1,
0,0,0,0,Wayanad,0,0,0,2020-2-29,0,0
8,5,6728,6736,Wayanad,0,0,1,2020-3-29,1,0
0,0,4,4,Wayanad,0,0,0,2020-3-2,0,0
8,5,10745,10753,Wayanad,0,0,3,2020-4-2,3,0
12,4,7894,7906,Wayanad,0,0,3,2020-3-30,3,2
13,2,8498,8511,Wayanad,0,0,3,2020-3-31,3,0
0,0,4,4,Wayanad,0,0,0,2020-3-3,0,0
0,0,4,4,Wayanad,0,0,0,2020-3-4,0,0
0,0,7,7,Wayanad,0,0,0,2020-3-5,0,0
0,0,9,9,Wayanad,0,0,0,2020-3-6,0,0
1,0,9,10,Wayanad,0,0,0,2020-3-7,0,0
1,0,9,10,Wayanad,0,0,0,2020-3-8,0,0
1,1,14,15,Wayanad,0,0,0,2020-3-9,0,0
9,2,79,88,Kannur,0,0,0,2020-3-10,0,0
7,3,121,128,Kannur,0,0,0,2020-3-11,0,0
7,4,144,151,Kannur,0,0,1,2020-3-12,1,1
23,16,158,181,Kannur,0,0,1,2020-3-13,1,0
43,20,218,261,Kannur,0,0,1,2020-3-14,1,0
44,7,261,305,Kannur,0,0,1,2020-3-15,1,0
36,10,336,372,Kannur,0,0,1,2020-3-16,1,0
26,7,798,824,Kannur,0,0,1,2020-3-17,1,0
21,10,2218,2239,Kannur,0,0,1,2020-3-18,1,0
24,12,3559,3583,Kannur,0,0,1,2020-3-19,1,0
0,0,9,9,Kannur,0,0,0,2020-3-1,0,0
98,18,10782,10880,Kannur,0,3,46,2020-4-1,43,2
25,11,4465,4490,Kannur,0,0,1,2020-3-20,1,0
38,16,5149,5187,Kannur,0,0,4,2020-3-21,4,3
49,16,6077,6126,Kannur,0,0,8,2020-3-22,8,4
72,23,6409,6481,Kannur,0,1,13,2020-3-23,12,5
70,15,7123,7193,Kannur,0,1,13,2020-3-24,12,0
1,1,4,5,Kannur,0,0,0,2020-2-25,0,0
81,14,7886,7967,Kannur,0,1,13,2020-3-25,12,0
0,0,6,6,Kannur,0,0,0,2020-2-26,0,0
80,14,9110,9190,Kannur,0,1,22,2020-3-26,21,9
0,1,5,5,Kannur,0,0,0,2020-2-27,0,0
87,14,10041,10128,Kannur,0,1,24,2020-3-27,23,2
0,2,3,3,Kannur,0,0,0,2020-2-28,0,0
87,14,10041,10128,Kannur,0,1,24,2020-3-28,23,
0,0,9,9,Kannur,0,0,0,2020-2-29,0,0
88,6,10660,10748,Kannur,0,1,32,2020-3-29,31,8
0,0,22,22,Kannur,0,0,0,2020-3-2,0,0
100,23,10201,10301,Kannur,0,3,47,2020-4-2,44,1
92,25,10812,10904,Kannur,0,1,43,2020-3-30,42,11
108,37,10941,11049,Kannur,0,3,44,2020-3-31,41,1
1,0,30,31,Kannur,0,0,0,2020-3-3,0,0
2,0,30,32,Kannur,0,0,0,2020-3-4,0,0
3,0,35,38,Kannur,0,0,0,2020-3-5,0,0
5,0,35,40,Kannur,0,0,0,2020-3-6,0,0
8,2,37,45,Kannur,0,0,0,2020-3-7,0,0
11,0,43,54,Kannur,0,0,0,2020-3-8,0,0
14,4,69,83,Kannur,0,0,0,2020-3-9,0,0
1,0,104,105,Kasaragod,0,1,1,2020-3-10,0,0
3,3,121,124,Kasaragod,0,1,1,2020-3-11,0,0
5,2,154,159,Kasaragod,0,1,1,2020-3-12,0,0
10,5,195,205,Kasaragod,0,1,1,2020-3-13,0,0
6,0,229,235,Kasaragod,0,1,1,2020-3-14,0,0
6,0,260,266,Kasaragod,0,1,1,2020-3-15,0,0
5,3,291,296,Kasaragod,0,1,2,2020-3-16,1,1
6,4,333,339,Kasaragod,0,1,2,2020-3-17,1,0
8,3,372,380,Kasaragod,0,1,2,2020-3-18,1,0
9,3,508,517,Kasaragod,0,1,3,2020-3-19,2,1
1,0,14,15,Kasaragod,0,1,1,2020-3-1,0,0
177,17,8786,8963,Kasaragod,0,1,121,2020-4-1,120,12
13,4,567,580,Kasaragod,0,1,9,2020-3-20,8,6
15,9,650,665,Kasaragod,0,1,15,2020-3-21,14,6
41,26,692,733,Kasaragod,0,1,20,2020-3-22,19,5
61,20,796,857,Kasaragod,0,1,39,2020-3-23,38,19
85,24,2651,2736,Kasaragod,0,1,45,2020-3-24,44,6
0,1,3,3,Kasaragod,0,1,1,2020-2-25,0,0
94,9,3700,3794,Kasaragod,0,1,45,2020-3-25,44,0
0,0,3,3,Kasaragod,0,1,1,2020-2-26,0,0
100,7,4698,4798,Kasaragod,0,1,48,2020-3-26,47,3
0,0,3,3,Kasaragod,0,1,1,2020-2-27,0,0
103,3,5854,5957,Kasaragod,0,1,82,2020-3-27,81,34
0,3,3,3,Kasaragod,0,1,1,2020-2-28,0,0
103,3,5854,5957,Kasaragod,0,1,83,2020-3-28,82,1
1,0,14,15,Kasaragod,0,1,1,2020-2-29,0,0
127,10,6915,7042,Kasaragod,0,1,90,2020-3-29,89,7
1,0,21,22,Kasaragod,0,1,1,2020-3-2,0,0
177,21,10055,10232,Kasaragod,0,1,129,2020-4-2,128,8
134,9,7303,7437,Kasaragod,0,1,107,2020-3-30,106,17
163,37,7562,7725,Kasaragod,0,1,109,2020-3-31,108,2
0,0,33,33,Kasaragod,0,1,1,2020-3-3,0,0
0,0,33,33,Kasaragod,0,1,1,2020-3-4,0,0
0,0,42,42,Kasaragod,0,1,1,2020-3-5,0,0
0,0,46,46,Kasaragod,0,1,1,2020-3-6,0,0
1,0,51,52,Kasaragod,0,1,1,2020-3-7,0,0
1,0,55,56,Kasaragod,0,1,1,2020-3-8,0,0
2,1,91,93,Kasaragod,0,1,1,2020-3-9,0,0
259,120,1236,1495,Total,0,3,17,2020-3-10,14,8
293,83,3020,3313,Total,0,3,17,2020-3-11,14,0
270,65,3910,4180,Total,0,3,19,2020-3-12,16,2
277,69,5191,5468,Total,0,3,22,2020-3-13,19,3
302,106,7375,7677,Total,0,3,22,2020-3-14,19,0
289,68,10655,10944,Total,0,3,24,2020-3-15,21,2
270,72,12470,12740,Total,0,3,27,2020-3-16,24,3
268,65,17743,18011,Total,0,3,27,2020-3-17,24,0
237,57,25366,25603,Total,0,3,27,2020-3-18,24,0
237,64,30936,31173,Total,0,3,28,2020-3-19,25,1
13,9,193,206,Total,0,3,3,2020-3-1,0,0
622,123,163508,164130,Total,2,26,265,2020-4-1,237,24
225,56,44165,44390,Total,0,3,40,2020-3-20,37,12
228,70,52785,53013,Total,0,3,52,2020-3-21,49,12
314,122,58981,59295,Total,0,3,67,2020-3-22,64,15
383,122,63937,64320,Total,0,4,95,2020-3-23,91,28
466,164,71994,72460,Total,0,4,109,2020-3-24,105,14
8,16,118,126,Total,0,3,3,2020-2-25,0,0
532,122,76010,76542,Total,0,6,118,2020-3-25,112,9
2,7,130,132,Total,0,3,3,2020-2-26,0,0
601,136,101402,102003,Total,0,11,137,2020-3-26,126,19
7,16,128,135,Total,0,3,3,2020-2-27,0,0
620,148,133750,134370,Total,0,12,176,2020-3-27,164,39
8,34,128,136,Total,0,3,3,2020-2-28,0,0
620,148,133750,134370,Total,1,16,182,2020-3-28,165,6
10,8,181,191,Total,0,3,3,2020-2-29,0,0
593,105,140618,141211,Total,1,20,202,2020-3-29,181,20
17,20,276,293,Total,0,3,3,2020-3-2,0,0
643,145,165291,165934,Total,2,28,286,2020-4-2,256,21
623,126,156660,157283,Total,1,20,234,2020-3-30,213,32
658,150,162471,163129,Total,2,24,241,2020-3-31,215,7
23,12,388,411,Total,0,3,3,2020-3-3,0,0
31,11,438,469,Total,0,3,3,2020-3-4,0,0
39,10,508,547,Total,0,3,3,2020-3-5,0,0
46,14,546,592,Total,0,3,3,2020-3-6,0,0
63,20,574,637,Total,0,3,3,2020-3-7,0,0
84,14,648,732,Total,0,3,8,2020-3-8,5,5
149,85,967,1116,Total,0,3,9,2020-3-9,6,1
